term_id,name,slug,_yoast_wpseo_title,_yoast_wpseo_metadesc,taxonomy,parent_id,parent_slug,description,description_block,description_block_badge_text,description_block_heading,description_block_text,faq,faq_1,faq_10,faq_10_answer,faq_10_question,faq_0,faq_0_answer,faq_0_question,faq_1_answer,faq_1_question,faq_2,faq_2_answer,faq_2_question,faq_3,faq_3_answer,faq_3_question,faq_4,faq_4_answer,faq_4_question,footer_block,footer_block_badge_text,footer_block_heading,footer_block_text,image_title,service_price,service_prices,service_prices_description,service_prices_price,service_prices_title
868,Выкуп товаров,vykup-tovarov,Выкуп товаров за рубежом под ключ | Mylogistika,"Оперативный выкуп товаров в любой стране: проверка поставщиков, контроль оплаты и логистики, оформление документов, прозрачные условия сотрудничества.",service-category,0,,,3,,Выкуп товаров с Mylogistika,"<p>Компания <span class=""text-[#f62a29]"">MYLOGISTIKA</span> предлагает услугу выкупа товаров у проверенных поставщиков за рубежом. Мы берём на себя все этапы: поиск и проверку продавца, переговоры, оплату, организацию доставки и юридическое сопровождение сделки.</p>
<p>&nbsp;</p>
<p>Сервис выкупа товаров особенно полезен для предпринимателей и компаний, которые хотят снизить риски при международных сделках. Мы гарантируем прозрачность расчётов, юридическую чистоту сделки и надёжность доставки. Работая с нами, вы экономите время и получаете доступ к зарубежным рынкам без лишних сложностей.</p>
<p>&nbsp;</p>
<h3>Преимущества выкупа через MYLOGISTIKA:</h3>
<p>&nbsp;</p>
<ul class=""max-[768px]:text-[14px] list-with-dots flex flex-col gap-[15px] font-light text-[17px] leading-[150%] text-[#565656]"">
<li>Проверка надёжности поставщика перед покупкой</li>
<li>Полное юридическое и финансовое сопровождение сделки</li>
<li>Оптимизация расходов на доставку и оформление</li>
<li>Гарантия безопасности и прозрачности</li>
</ul>
<p>&nbsp;</p>
<p>Обратитесь в <span class=""text-[#f62a29]"">MYLOGISTIKA</span>, чтобы получить выгодные условия для выкупа товаров за рубежом и надёжное сопровождение сделки.</p>
",4,2,,,,2,"Услуга охватывает проверку поставщика, переговоры, оплату, оформление документов и доставку.",Что включает услуга выкупа товаров?,"Да, услуга доступна как для бизнеса, так и для частных лиц, при этом сохраняются все гарантии.",Можно ли заказать выкуп товаров для личного использования?,2,"Мы обеспечиваем юридическую защиту сделки, проверку поставщика и возврат средств при выявлении мошенничества.",Какие риски берёт на себя компания при выкупе?,2,Срок зависит от страны поставщика и вида транспорта: от 7 дней при авиадоставке до 40–50 дней морем.,Сколько занимает процесс выкупа и доставки?,,,,3,Как заказать услугу,Как заказать выкуп товаров,"<p>Чтобы заказать услугу выкупа товаров, достаточно связаться с нашим менеджером и предоставить информацию о товаре и поставщике. Мы проверим контрагента, согласуем условия и обеспечим полное сопровождение сделки.</p>
<p>&nbsp;</p>
<h3>Сложные моменты и наша помощь:</h3>
<p>&nbsp;</p>
<ul class=""max-[768px]:text-[14px] list-with-dots flex flex-col gap-[15px] font-light text-[17px] leading-[150%] text-[#565656]"">
<li>Проверка продавца: анализ документации и репутации поставщика</li>
<li>Финансовые гарантии: безопасные расчёты и защита от мошенничества</li>
<li>Документы: оформление договора, инвойсов, экспортных документов</li>
<li>Контроль сделки: сопровождение до получения товара в России</li>
</ul>
<p>&nbsp;</p>
<p>Мы сделаем процесс выкупа товаров простым и безопасным, обеспечив полное доверие на всех этапах сделки!</p>
",3567,100,3,,,
104,Доставка посылок,dostavka-posylok,"Доставка посылок — быстро, выгодно, надежно | Mylogistika","Услуга доставки посылок по России и за рубеж: быстрая обработка, низкие тарифы, отслеживание отправлений. Гарантия сохранности и индивидуальный подход для каждого клиента.",service-category,0,,,3,,Доставка посылок с Mylogistika,"<p>Компания <span class=""text-[#f62a29]"">MYLOGISTIKA</span> выполняет доставку посылок из <strong>Китая, США и Европы</strong> в Россию. Мы организуем перевозку как для бизнеса, так и для частных клиентов — от небольших отправлений до регулярных поставок.</p>
<p>&nbsp;</p>
<p>Мы предлагаем полный комплекс услуг: от консультации и оформления документов до таможенного сопровождения и доставки &#171;от двери до двери&#187;. Наш опыт и развитая партнёрская сеть позволяют быстро и безопасно доставлять посылки авиа, авто, морем и железной дорогой.</p>
<p>&nbsp;</p>
<h3>Почему стоит заказать доставку посылок у нас:</h3>
<p>&nbsp;</p>
<ul class=""max-[768px]:text-[14px] list-with-dots flex flex-col gap-[15px] font-light text-[17px] leading-[82%] text-[#565656] leading-[150%]"">
<li>Доставка посылок из Китая, США, Европы и других стран</li>
<li>Гибкий выбор транспорта: авиа, авто, море, ЖД</li>
<li>Возможность консолидации и экономия на тарифах</li>
<li>Помощь с таможенным оформлением и подбором кодов ТНВЭД</li>
<li>Отслеживание отправлений и полное сопровождение сделки</li>
</ul>
<p>&nbsp;</p>
<p>Позвоните нам по телефону <a href=""tel:+78003021185"">+7 (800) 302-11-85</a> или напишите на <a href=""mailto:info@mylogistika2010.ru"">info@mylogistika2010.ru</a> — мы поможем организовать доставку вашей посылки быстро, безопасно и по прозрачной цене.</p>
",4,2,,,,2,"Мы принимаем бытовые товары, одежду, документы, электронику и другие разрешённые грузы. Есть ограничения по опасным и запрещённым предметам.",Какие посылки можно отправить через вашу компанию?,"Стоимость зависит от веса, габаритов, маршрута и выбранного тарифа (эконом, стандарт, экспресс). Минимальная цена — от $30.",Сколько стоит доставка посылки?,2,"Да, каждому отправлению присваивается уникальный трек-номер, и вы можете отслеживать его в реальном времени.",Можно ли отследить посылку в пути?,2,"Для пересылки за границу требуется инвойс (описание содержимого), копия паспорта отправителя и, при необходимости, сертификаты.",Какие документы нужны для международной отправки?,,,,3,Как заказать услугу,Как заказать доставку посылки,"<p>Чтобы заказать <strong>доставку посылки</strong>, свяжитесь с нашей компанией и сообщите вес, габариты и страну отправления. Мы рассчитаем стоимость, предложим оптимальный маршрут и обеспечим сопровождение на всех этапах.</p>
<p>&nbsp;</p>
<h3>Сложные моменты и наша помощь:</h3>
<p>&nbsp;</p>
<ul class=""max-[768px]:text-[14px] list-with-dots flex flex-col gap-[15px] font-light text-[17px] leading-[82%] text-[#565656] leading-[150%]"">
<li>Таможенное оформление: правильное заполнение документов и минимизация рисков задержки</li>
<li>Безопасность: качественная упаковка и контроль сохранности посылки</li>
<li>Документация: полный пакет сопроводительных бумаг для любого вида транспорта</li>
<li>Маршрутизация: подбор наиболее выгодного варианта доставки &#171;от двери до двери&#187;</li>
</ul>
<p>&nbsp;</p>
<p>Обращаясь в <span class=""text-[#f62a29]"">MYLOGISTIKA</span>, вы получаете надёжного партнёра для быстрой и выгодной доставки посылок из-за рубежа!</p>
",3544,,3,,,
106,Доставка сборных грузов,dostavka-sbornyh-gruzov,Доставка сборных грузов — удобно и экономно | Mylogistika,"Сборные грузы по России, Европе, Китаю: оптимальные маршруты, минимальные сроки, прозрачные цены. Доставка «от двери до двери» с контролем на каждом этапе.",service-category,0,,,3,,Доставка сборных грузов с Mylogistika,"<p>Компания <span class=""text-[#f62a29]"">MYLOGISTIKA</span> предлагает услугу доставки сборных грузов из Европы, Китая и других стран с консолидацией на собственных и партнерских складах. Это позволяет значительно снизить стоимость перевозки за счёт объединения товаров разных клиентов в одном транспортном средстве.</p>
<p>&nbsp;</p>
<p>Мы обеспечиваем полный комплекс логистических услуг: от приёмки груза на складе и профессиональной упаковки до таможенного оформления и доставки «от двери до двери». Такой формат подходит для малого и среднего бизнеса, а также для частных клиентов, которым важно доставить небольшие партии товаров быстро и выгодно.</p>
<p>&nbsp;</p>
<h3>Преимущества работы с нами:</h3>
<p>&nbsp;</p>
<ul class=""max-[768px]:text-[14px] list-with-dots flex flex-col gap-[15px] font-light text-[17px] leading-[150%] text-[#565656]"">
<li>Снижение затрат за счёт консолидации грузов</li>
<li>Гибкие маршруты и оптимизация сроков доставки</li>
<li>Таможенное оформление и подбор кодов ТНВЭД</li>
<li>Страхование и отслеживание на каждом этапе</li>
<li>Поддержка специалистов и индивидуальные решения для вашего бизнеса</li>
</ul>
<p>&nbsp;</p>
<p>Свяжитесь с нами по телефону <a href=""tel:+78003021185"">+7 (800) 302-11-85</a> или напишите на <a href=""mailto:info@mylogistika2010.ru"">info@mylogistika2010.ru</a>, чтобы заказать доставку сборного груза и получить бесплатную консультацию.</p>
",5,2,,,,2,"Это перевозка, при которой несколько отправителей объединяют свои товары в одну партию, что позволяет снизить стоимость доставки.",Что такое сборный груз?,"Большая часть аккумуляторных батарей разрабатываются и изготавливаются индивидуально под конкретные требования заказчика, и цена на них рассчитывается менеджером",Какие виды транспорта доступны для доставки?,2,"Сроки зависят от страны отправления и выбранного вида транспорта. В среднем: авиадоставка — 7–14 дней, железнодорожная — 15–25 дней, морская — 35–55 дней.",Какие сроки доставки сборных грузов?,2,"Вы оплачиваете только фактический объем и вес груза, а не арендуете весь транспорт.",В чем выгода доставки сборным грузом?,2,"Стоимость зависит от веса, объема, маршрута и способа доставки.",Как рассчитывается цена?,3,Как заказать услугу, Как заказать доставку сборных грузов,"<p>Чтобы заказать <strong>доставку сборных грузов</strong>, оставьте заявку на сайте или свяжитесь с нашим менеджером. Мы поможем рассчитать стоимость, подобрать маршрут и подготовить все необходимые документы.</p>
<p>&nbsp;</p>
<h3>Сложные моменты и наша помощь:</h3>
<p>&nbsp;</p>
<ul class=""max-[768px]:text-[14px] list-with-dots flex flex-col gap-[15px] font-light text-[17px] leading-[150%] text-[#565656]"">
<li>Организация консолидации и распределение мест в контейнере</li>
<li>Подготовка и проверка сопроводительных документов</li>
<li>Оптимизация маршрутов и сроков доставки</li>
<li>Таможенное оформление и страхование груза</li>
</ul>
<p>&nbsp;</p>
<p>Обращаясь в <span class=""text-[#f62a29]"">MYLOGISTIKA</span>, вы получаете профессиональный сервис и выгодные условия перевозки сборных грузов!</p>
",3545,800,3,,,
109,Перевозка грузов,perevozka-gruzov,Перевозка грузов по России и миру | Mylogistika,"Авиа, авто, ж/д и морские перевозки: подбор оптимального маршрута, индивидуальные тарифы, страхование и сопровождение грузов. Прозрачные условия и высокая скорость.",service-category,0,,,3,,Перевозка (доставка) грузов с Mylogistika,"<p>Компания <span class=""text-[#f62a29]"">MYLOGISTIKA</span> занимается организацией перевозки грузов из более чем 20 стран с индивидуальным подходом к каждому клиенту. Мы предоставляем полный комплекс логистических услуг: от подбора оптимального маршрута и вида транспорта до таможенного оформления и доставки &#171;от двери до двери&#187;.</p>
<p>&nbsp;</p>
<p>Наш опыт позволяет оптимизировать расходы на доставку и сократить сроки перевозки грузов различными видами транспорта: авиа, авто, железная дорога, море. Мы сопровождаем клиента на каждом этапе – от заключения контракта до получения товара, минимизируя риски и заботясь о безопасности вашего груза.</p>
<p>&nbsp;</p>
<h3>Преимущества работы с нами:</h3>
<p>&nbsp;</p>
<ul class=""max-[768px]:text-[14px] list-with-dots flex flex-col gap-[15px] font-light text-[17px] leading-[82%] text-[#565656] leading-[150%]"">
<li>Аутсорсинг ВЭД и профессиональное таможенное оформление</li>
<li>Подбор кодов ТНВЭД и оптимальных маршрутов</li>
<li>Складские услуги и консолидация грузов</li>
<li>Прозрачность работы и сопровождение сделок</li>
<li>Наши специалисты готовы проконсультировать вас, рассчитать стоимость перевозки и подобрать оптимальное решение под ваш бизнес.</li>
</ul>
<p>&nbsp;</p>
<p>Свяжитесь с нами по телефону <a href=""tel:+78003021185"">+7 (800) 302-11-85</a> или по электронной почте <a href=""mailto:info@mylogistika2010.ru"">info@mylogistika2010.ru</a>, и мы поможем организовать доставку вашего груза быстро и надежно.</p>
",10,2,,,,2,"Мы осуществляем перевозки авиа, автомобильным, железнодорожным и морским транспортом — в зависимости от потребностей клиента и особенностей груза.",Какие виды транспорта вы используете для перевозки грузов?,"Мы работаем с более чем 20 странами мира, включая страны Европы, Азии, СНГ и Америки.",В какие страны вы осуществляете доставку?,2,"Сроки зависят от выбранного способа доставки: авиа — от 1 дня, автотранспорт — от 1 дня, железная дорога — от 10 дней, море — от 20 дней.",Сколько времени занимает доставка?,2,"Да, мы полностью берем на себя процесс таможенного оформления, помогаем подготовить необходимые документы и подобрать оптимальные коды ТНВЭД.",Помогаете ли вы с таможенным оформлением?,2,"Да, мы предоставляем услугу доставки «от двери до двери», в том числе с забором, хранением и доставкой груза по вашему адресу.",Можно ли заказать доставку «от двери до двери»?,Как отслеживать свой груз?,Как заказать услугу,Как заказать перевозку груза,"<p>Чтобы заказать доставку, свяжитесь с нашей компанией для обсуждения деталей груза. Мы поможем выбрать наиболее подходящий способ перевозки, рассчитаем стоимость и составим оптимальный маршрут, учитывая все ваши требования.</p>
<p>&nbsp;</p>
<h3>Сложные моменты и наша помощь:</h3>
<p>&nbsp;</p>
<ul class=""max-[768px]:text-[14px] list-with-dots flex flex-col gap-[15px] font-light text-[17px] leading-[82%] text-[#565656] leading-[150%]"">
<li>Таможенное оформление: Наши специалисты помогут быстро и корректно оформить все необходимые документы и подобрать оптимальные коды ТНВЭД.</li>
<li>Безопасность груза: Мы гарантируем профессиональную упаковку и контроль сохранности груза на всех этапах транспортировки.</li>
<li>Документация: Оформим полный пакет документов на доставку, включая декларации и сопроводительные бумаги для различных видов транспорта.</li>
<li>Маршрутизация: Подберём наиболее выгодный маршрут и оптимальный вид транспорта, обеспечив своевременную доставку.</li>
</ul>
<p>&nbsp;</p>
<p>Обращаясь к нам, вы получаете профессиональное сопровождение и индивидуальный подход к каждому заказу!</p>
",3543,800,3,,,
867,Сопровождение грузов,soprovozhdenie-gruzov,Сопровождение грузов — безопасность на маршруте | Mylogistika,"Профессиональное сопровождение грузов любой сложности: контроль, охрана, поддержка 24/7, гарантии сохранности. Индивидуальный подход к каждому клиенту.",service-category,0,,,3,,Сопровождение грузов с Mylogistika,"<p><span class=""text-[#f62a29]"">MYLOGISTIKA</span> предлагает услугу сопровождения грузов на всех этапах перевозки. Мы обеспечиваем контроль за безопасностью, правильностью оформления документов и сохранностью товаров при международной и внутренней транспортировке.</p>
<p>&nbsp;</p>
<p>Наши специалисты сопровождают грузы при перемещении любым видом транспорта – автомобильным, авиационным, железнодорожным и морским. Мы берем на себя решение всех организационных вопросов: от проверки документов и взаимодействия с таможенными органами до организации охраны и страхования.</p>
<p>&nbsp;</p>
<h3>Преимущества сопровождения грузов с нами:</h3>
<p>&nbsp;</p>
<ul class=""max-[768px]:text-[14px] list-with-dots flex flex-col gap-[15px] font-light text-[17px] leading-[150%] text-[#565656]"">
<li>Квалифицированные специалисты для сопровождения грузов любого типа</li>
<li>Минимизация рисков задержки и повреждения товаров</li>
<li>Поддержка и консультирование клиента на каждом этапе</li>
<li>Организация охраны и контроль сохранности</li>
<li>Полное документальное сопровождение</li>
</ul>
<p>&nbsp;</p>
<p>Благодаря нашему опыту, сопровождение грузов становится надежным инструментом защиты интересов клиента и гарантией своевременной доставки.</p>
",4,2,,,,2,"Сопровождение актуально для ценных, опасных, хрупких и особо ответственных грузов.",Для каких грузов требуется сопровождение?,"Да, мы организуем охранное сопровождение силами профессионалов при необходимости.",Предоставляете ли вы охрану для груза?,2,"Да, мы сопровождаем грузы при международных перевозках и помогаем пройти таможенные формальности.",Можно ли заказать сопровождение для международной перевозки?,2,Мы предоставляем клиенту отчёты и информируем в реальном времени о статусе перевозки.,Как отслеживается груз в пути?,,,,3,Как заказать услугу,Как заказать сопровождение груз,"<p>Чтобы заказать <strong>сопровождение груза</strong>, обратитесь в компанию <span class=""text-[#f62a29]"">MYLOGISTIKA</span>. Наш менеджер уточнит детали маршрута, тип груза и предложит оптимальный пакет услуг.</p>
<p>&nbsp;</p>
<h3>Сложные моменты и наша помощь:</h3>
<p>&nbsp;</p>
<ul class=""max-[768px]:text-[14px] list-with-dots flex flex-col gap-[15px] font-light text-[17px] leading-[150%] text-[#565656]"">
<li>Документальное сопровождение – оформление контрактов, деклараций и разрешений</li>
<li>Организация охраны и страхования грузов</li>
<li>Мониторинг перемещения и оперативное информирование клиента</li>
<li>Координация действий с перевозчиками и таможенными органами</li>
</ul>
<p>&nbsp;</p>
<p>Сотрудничество с <span class=""text-[#f62a29]"">MYLOGISTIKA</span> — это уверенность в сохранности и своевременной доставке вашего груза!</p>
",3566,,3,,,
869,Страховка груза,strahovka-gruza,Страховка груза — ваша уверенность в перевозке | Mylogistika,"Комплексное страхование грузов: защита от всех рисков, индивидуальные тарифы, оформление полиса за 1 день. Спокойствие и безопасность на каждом этапе доставки.",service-category,0,,,3,,Страховка груза с Mylogistika,"<p><span class=""text-[#f62a29]"">MYLOGISTIKA</span> предлагает комплексную услугу страхования грузов при международных и внутренних перевозках. Мы защищаем ваши товары от рисков повреждения, потери, кражи и форс-мажорных обстоятельств на всех этапах доставки.</p>
<p>&nbsp;</p>
<p>Страховка груза — это гарантия финансовой безопасности и уверенности в сохранности вашего имущества. Мы сотрудничаем только с надёжными страховыми компаниями и предлагаем индивидуальные условия для каждого клиента, исходя из особенностей груза и маршрута.</p>
<p>&nbsp;</p>
<h3>Преимущества страхования через MYLOGISTIKA:</h3>
<p>&nbsp;</p>
<ul class=""max-[768px]:text-[14px] list-with-dots flex flex-col gap-[15px] font-light text-[17px] leading-[150%] text-[#565656]"">
<li>Полная защита от повреждений, кражи и утраты груза</li>
<li>Индивидуальные тарифы в зависимости от стоимости и типа товара</li>
<li>Скорое возмещение убытков в случае страхового события</li>
<li>Минимизация рисков и спокойствие на всём пути следования</li>
</ul>
<p>&nbsp;</p>
<p>Обращаясь в <span class=""text-[#f62a29]"">MYLOGISTIKA</span>, вы получаете надёжного партнёра, который гарантирует сохранность ваших товаров и быструю компенсацию в случае непредвиденных обстоятельств.</p>
",4,2,,,,2,"Она защищает груз от рисков утраты, повреждения или кражи, гарантируя возврат стоимости при наступлении страхового случая.",Зачем нужна страховка груза при перевозке?,"В зависимости от выбранного тарифа страховка может включать защиту от повреждений, полной утраты, кражи и форс-мажоров.",Какие риски покрывает страховка?,2,"Цена зависит от стоимости груза, маршрута и выбранного пакета защиты. Обычно это фиксированный процент от стоимости перевозимого товара.",Как рассчитывается стоимость страховки?,2,"Необходимо подать заявление, предоставить подтверждающие документы и фото/акт повреждения. Компания обеспечивает быстрое рассмотрение и выплату.",Как получить возмещение по страховке?,,,,3,Как заказать услугу,Как оформить страховку груза,"<p>Чтобы оформить страховку на ваш груз, свяжитесь с нашими специалистами и сообщите стоимость и характер перевозимого товара. Мы предложим оптимальный тариф и подготовим все необходимые документы для страхования.</p>
<p>&nbsp;</p>
<h3>Сложные моменты и наша помощь:</h3>
<p>&nbsp;</p>
<ul class=""max-[768px]:text-[14px] list-with-dots flex flex-col gap-[15px] font-light text-[17px] leading-[150%] text-[#565656]"">
<li>Подбор оптимальной страховой программы под ваш груз</li>
<li>Оформление полиса за короткое время</li>
<li>Юридическое сопровождение при страховом случае</li>
<li>Минимизация рисков при международных перевозках</li>
</ul>
<p>&nbsp;</p>
<p>С <span class=""text-[#f62a29]"">MYLOGISTIKA</span> ваш груз всегда под защитой — где бы он ни находился!</p>
",3568,,3,,,
105,Таможенное оформление,tamozhennoe-oformlenie,Таможенное оформление — экспертная помощь | Mylogistika,"Профессиональное таможенное оформление любых грузов: быстрое прохождение границы, консультации, минимизация рисков, полный пакет документов. Надежно, выгодно и без задержек.",service-category,0,,,3,,Таможенное оформление с Mylogistika,"<p><span class=""text-[#f62a29]"">MYLOGISTIKA</span> оказывает профессиональные услуги по <strong>таможенному оформлению грузов</strong> при международной доставке. Мы помогаем правильно подготовить документы, выбрать коды ТНВЭД и пройти все этапы оформления без задержек и штрафов.</p>
<p>&nbsp;</p>
<p>Наши специалисты имеют опыт работы с различными категориями товаров: от промышленных партий и оборудования до мелких посылок. Мы сопровождаем клиента на каждом этапе — от консультации и проверки контрагента до получения разрешительных документов и выпуска груза.</p>
<p>&nbsp;</p>
<h3>Преимущества таможенного оформления с нами:</h3>
<p>&nbsp;</p>
<ul class=""max-[768px]:text-[14px] list-with-dots flex flex-col gap-[15px] font-light text-[17px] leading-[82%] text-[#565656] leading-[150%]"">
<li>Корректное оформление всех видов таможенных деклараций</li>
<li>Подбор оптимальных кодов ТНВЭД и расчёт пошлин</li>
<li>Снижение рисков штрафов и задержек на границе</li>
<li>Работа с широким перечнем товаров и стран</li>
<li>Комплексное сопровождение ВЭД и консультирование</li>
</ul>
<p>&nbsp;</p>
<p>Свяжитесь с нами по телефону <a href=""tel:+78003021185"">+7 (800) 302-11-85</a> или на почту <a href=""mailto:info@mylogistika2010.ru"">info@mylogistika2010.ru</a>, и мы возьмём на себя все вопросы, связанные с таможенным оформлением вашего груза.</p>
",4,2,,,,2,"Мы подготавливаем и проверяем все необходимые документы, классифицируем товар по ТН ВЭД, рассчитываем пошлины и налоги, а также сопровождаем груз на всех этапах прохождения таможни.",Что входит в услугу таможенного оформления?,"Основными документами являются коммерческий инвойс, упаковочный лист, договор перевозки, сертификаты соответствия и разрешительные документы. В зависимости от вида товара могут потребоваться дополнительные бумаги.",Какие документы требуются для таможенного оформления?,2,"Обычно процесс занимает от 1 до 3 рабочих дней, если пакет документов подготовлен правильно. При сложных категориях товаров или дополнительных проверках сроки могут увеличиваться.",Сколько времени занимает таможенное оформление груза?,2,"Да, при правильном заполнении документов и грамотной классификации груза вероятность задержек минимальна. Наша команда берет на себя контроль за подготовкой бумаг и взаимодействие с таможенными органами.",Можно ли избежать задержек на таможне?,,,,3,Как заказать услугу,Как заказать таможенное оформление,"<p>Чтобы заказать услугу <strong>таможенного оформления</strong>, достаточно связаться с нашей компанией и предоставить данные о грузе. Мы подготовим документы, рассчитаем пошлины и обеспечим оперативное прохождение всех этапов таможни.</p>
<p>&nbsp;</p>
<h3>Сложные моменты и наша помощь:</h3>
<p>&nbsp;</p>
<ul class=""max-[768px]:text-[14px] list-with-dots flex flex-col gap-[15px] font-light text-[17px] leading-[82%] text-[#565656] leading-[150%]"">
<li>Подбор кодов ТНВЭД и минимизация затрат на пошлины</li>
<li>Своевременное оформление разрешительных документов</li>
<li>Сопровождение при проверках и досмотрах</li>
<li>Консультации по оптимизации внешнеэкономической деятельности</li>
</ul>
<p>&nbsp;</p>
<p>С <span class=""text-[#f62a29]"">MYLOGISTIKA</span> вы экономите время и снижаете риски при международных перевозках.</p>
",3565,,3,,,
107,Финансирование сделок,finansirovanie-sdelok,Финансирование сделок — поддержка вашего бизнеса | Mylogistika,"Помощь с финансированием внешнеэкономических сделок: гарантия оплаты, сопровождение контрактов, снижение финансовых рисков. Комплексные решения для ВЭД.",service-category,0,,,3,,Финансирование сделок с Mylogistika,"<p><span class=""text-[#f62a29]"">MYLOGISTIKA</span> предлагает услугу <strong>финансирования внешнеэкономических сделок</strong>, которая позволяет компаниям безопасно и своевременно рассчитываться с зарубежными партнёрами. Мы берём на себя организацию платежей, контроль исполнения контрактов и проверку контрагентов.</p>
<p>&nbsp;</p>
<p>Благодаря сотрудничеству с банками и платёжными системами мы помогаем ускорить процесс расчётов, минимизировать валютные риски и упростить документооборот. Такой подход особенно актуален для малого и среднего бизнеса, который работает с импортом или экспортом.</p>
<p>&nbsp;</p>
<h3>Преимущества работы с нами:</h3>
<p>&nbsp;</p>
<ul class=""max-[768px]:text-[14px] list-with-dots flex flex-col gap-[15px] font-light text-[17px] leading-[82%] text-[#565656] leading-[150%]"">
<li>Организация безопасных международных расчётов</li>
<li>Проверка контрагентов и сопровождение сделок</li>
<li>Минимизация валютных рисков и задержек</li>
<li>Комплексное сопровождение контрактов ВЭД</li>
<li>Поддержка малого и среднего бизнеса</li>
</ul>
<p>&nbsp;</p>
<p>Обратитесь к нам по телефону <a href=""tel:+78003021185"">+7 (800) 302-11-85</a> или на почту <a href=""mailto:info@mylogistika2010.ru"">info@mylogistika2010.ru</a>, и мы поможем оптимизировать расчёты с иностранными партнёрами.</p>
",4,2,,,,2,"Финансирование сделок предполагает предоставление авансов, аккредитивов или факторинга для оплаты поставщикам, чтобы ускорить процесс закупки и доставки товаров.",Что включает услуга финансирования сделок в логистике?,"Аккредитив используется при крупных сделках и международных поставках, когда важна банковская гарантия исполнения обязательств обеими сторонами.",В каких случаях стоит использовать аккредитив?,2,"В отличие от кредита, финансирование сделок привязано к конкретной поставке или контракту. Оно снижает риски, обеспечивает прозрачность и контроль всех этапов сделки.",Чем финансирование отличается от обычного кредита?,2,"Да, многие схемы финансирования ВЭД не требуют залога. Гарантией служит сам контракт и товар, что упрощает доступ к услуге для компаний любого масштаба.",Можно ли профинансировать сделку без залога?,,,,3,Как заказать услугу,Как заказать финансирование сделок,"<p>Чтобы воспользоваться услугой <strong>финансирования сделок</strong>, свяжитесь с нами и предоставьте информацию о контракте. Мы проверим условия, оценим риски и предложим оптимальный механизм расчётов.</p>
<p>&nbsp;</p>
<h3>Сложные моменты и наша помощь:</h3>
<p>&nbsp;</p>
<ul class=""max-[768px]:text-[14px] list-with-dots flex flex-col gap-[15px] font-light text-[17px] leading-[82%] text-[#565656] leading-[150%]"">
<li>Проверка контрагентов и юридическая экспертиза сделки</li>
<li>Организация международных платежей и контроль их прохождения</li>
<li>Минимизация валютных рисков и защита от задержек</li>
<li>Сопровождение контрактов ВЭД от начала до завершения</li>
</ul>
<p>&nbsp;</p>
<p>С <span class=""text-[#f62a29]"">MYLOGISTIKA</span> ваши сделки будут проходить безопасно и без лишних затрат.</p>
",3564,,3,,,
873,Доставка грузов,dostavka-gruzov,"Доставка грузов по России, СНГ и за рубеж — быстро, надёжно, выгодно","Полный спектр услуг по перевозке грузов — оптимальные тарифы, индивидуальные маршруты, сопровождение на каждом этапе.",service-category,0,,,3,,Доставка грузов с Mylogistika,"<p><span class=""text-[#f62a29]"">MYLOGISTIKA</span> профессионально организует доставку грузов из разных стран мира для бизнеса и частных клиентов. Мы работаем с любыми видами товаров — от коммерческих партий до нестандартных отправлений, подбирая оптимальные маршруты и виды транспорта.</p>
<p>&nbsp;</p>
<p>Компания предлагает полный комплекс логистических услуг: оформление документов, подбор транспорта (авиа, авто, море, железная дорога), консолидация и страхование. Благодаря нашему опыту и широкой сети партнёров, доставка осуществляется быстро, безопасно и с прозрачным ценообразованием.</p>
<p>&nbsp;</p>
<h3>Почему выбирают нас:</h3>
<p>&nbsp;</p>
<ul class=""max-[768px]:text-[14px] list-with-dots flex flex-col gap-[15px] font-light text-[17px] leading-[150%] text-[#565656]"">
<li>Доставка грузов по всему миру, в том числе из Китая, Европы, США</li>
<li>Оптимизация логистических расходов и индивидуальные решения</li>
<li>Комплексное сопровождение сделки и таможенное оформление</li>
<li>Прозрачность работы и постоянная поддержка специалистов</li>
</ul>
<p>&nbsp;</p>
<p>Свяжитесь с нами — мы рассчитаем стоимость и предложим лучшее решение под ваш груз!</p>
",4,2,,,,2,"Мы организуем доставку автомобильным, морским, авиа- и железнодорожным транспортом, а также предлагаем мультимодальные решения в зависимости от задачи и маршрута.",Какие виды транспорта используются для доставки грузов?,"Оставьте заявку с данными груза, получите расчёт стоимости и сроки в течение дня.",Какие грузы можно отправить?,2,"Требуется только инвойс, упаковочный лист и паспорт отправителя — наши менеджеры подскажут детали.",Какие документы нужны для отправки?,2,"Все отправки застрахованы, применяются современные методы упаковки и контроля.",Какие гарантии сохранности груза?,2,"Да, специалисты MYLOGISTIKA полностью берут на себя оформление всех необходимых таможенных документов и сопровождают груз на каждом этапе пересечения границы.",Вы берёте на себя оформление таможенных документов?,3,Как заказать услугу,Как заказать доставку грузов,"<p>Чтобы заказать <strong>доставку грузов</strong> через MYLOGISTIKA, просто оставьте заявку на сайте или свяжитесь с нашими специалистами. Мы быстро рассчитаем стоимость, подберём подходящий вид транспорта и организуем доставку под ключ, учитывая ваши требования к срокам и бюджету.</p>
<p>&nbsp;</p>
<h3>Сложные моменты и наша помощь:</h3>
<p>&nbsp;</p>
<ul class=""max-[768px]:text-[14px] list-with-dots flex flex-col gap-[15px] font-light text-[17px] leading-[150%] text-[#565656]"">
<li>Определение оптимального маршрута и вида перевозки (авто, авиа, море)</li>
<li>Подготовка и оформление всех сопроводительных и таможенных документов</li>
<li>Страхование и контроль сохранности груза на всем пути следования</li>
<li>Постоянная поддержка и информирование клиента на каждом этапе</li>
</ul>
<p>&nbsp;</p>
<p>Доверьте доставку грузов профессионалам MYLOGISTIKA — и ваши грузы всегда будут в надёжных руках!</p>
",,800,3,,,
874,Доставка грузов из Китая,dostavka-gruzov-iz-kitaya,Доставка грузов из Китая в Россию — полный комплекс услуг,"Перевозка коммерческих и личных грузов из Китая: авиа, море, автотранспорт, «под ключ», выгодные тарифы и полное сопровождение.",service-category,873,dostavka-gruzov,,3,,Доставка грузов из Китая с Mylogistika,"<p><span class=""text-[#f62a29]"">MYLOGISTIKA</span> осуществляет <strong>доставку грузов из Китая</strong> для компаний и предпринимателей любого масштаба. Мы организуем перевозки авиа, морем, автотранспортом, а также предлагаем консолидацию и хранение товаров на китайских складах.</p>
<p>&nbsp;</p>
<p>Наши специалисты берут на себя все вопросы по логистике: оформление экспортных и импортных документов, подбор оптимального маршрута, таможенное сопровождение и страхование. Мы гарантируем сохранность и своевременную доставку вашего груза на территорию России.</p>
<p>&nbsp;</p>
<h3>Преимущества доставки из Китая через MYLOGISTIKA:</h3>
<p>&nbsp;</p>
<ul class=""max-[768px]:text-[14px] list-with-dots flex flex-col gap-[15px] font-light text-[17px] leading-[150%] text-[#565656]"">
<li>Доставка любых партий грузов — от небольших до контейнерных</li>
<li>Мультимодальные маршруты и выгодные тарифы</li>
<li>Таможенное оформление под ключ и консультации по ВЭД</li>
<li>Прозрачность сроков и статуса доставки на каждом этапе</li>
</ul>
<p>&nbsp;</p>
<p>Свяжитесь с нами для расчёта стоимости и консультации по доставке товаров из Китая!</p>
",4,2,,,,2,"Мы помогаем выбрать оптимальный маршрут (авиа, море, авто), оформляем документы и контролируем процесс на всех этапах.",Как проходит доставка грузов из Китая?,"В зависимости от маршрута: авиа 5–10 дней, автотранспорт 12–18 дней, морем 30–40 дней.",Как быстро происходит доставка из Китая?,2,"В тариф включены оформление, сопровождение, страховка, помощь на таможне и логистика «до двери».",Что входит в стоимость услуги?,2,"Перевозим стандартные, негабаритные, сборные, опасные, ценные, а также грузы с особыми требованиями.",Как узнать стоимость перевозки?,2,Доставка из Китая — это гарантия контроля на всех этапах и прозрачная схема работы.,Как заказать перевозку из Китая?,3,Как заказать услугу,Как заказать доставку грузов из Китая,"<p>Чтобы заказать <strong>доставку грузов из Китая</strong>, свяжитесь с нами и предоставьте информацию о грузе, условиях поставки и адресе получения. Мы рассчитаем оптимальную стоимость и организуем транспортировку любым удобным для вас способом — морем, авто или авиа.</p>
<p>&nbsp;</p>
<h3>Сложные моменты и наша помощь:</h3>
<p>&nbsp;</p>
<ul class=""max-[768px]:text-[14px] list-with-dots flex flex-col gap-[15px] font-light text-[17px] leading-[150%] text-[#565656]"">
<li>Консолидация и упаковка на складах в Китае</li>
<li>Оформление экспортных и импортных документов</li>
<li>Таможенное оформление в Китае и России</li>
<li>Отслеживание и контроль грузоперевозки на каждом этапе</li>
</ul>
<p>&nbsp;</p>
<p>MYLOGISTIKA — ваш надёжный партнёр для выгодной и безопасной доставки грузов из Китая!</p>
",,800,3,,,
875,Доставка грузов из Европы,dostavka-gruzov-iz-evropy,"Доставка грузов из Европы в Россию — быстро, выгодно, надёжно","Полный сервис перевозки: автотранспорт, авиа, мультимодальные схемы. Персональный менеджер, таможенное сопровождение, выгодные цены.",service-category,873,dostavka-gruzov,,3,,Доставка грузов из Европы с Mylogistika,"<p>Компания <span class=""text-[#f62a29]"">MYLOGISTIKA</span> предоставляет услугу <strong>доставки грузов из Европы</strong> в Россию с индивидуальным подходом к каждому клиенту. Мы предлагаем автоперевозки, авиа и мультимодальные решения, а также полное сопровождение всех этапов транспортировки.</p>
<p>&nbsp;</p>
<p>Благодаря партнёрской сети в странах ЕС и собственным логистическим решениям, мы обеспечиваем быстрые сроки и выгодные условия для доставки промышленных товаров, комплектующих, одежды, техники и других грузов.</p>
<p>&nbsp;</p>
<h3>Преимущества доставки из Европы через MYLOGISTIKA:</h3>
<p>&nbsp;</p>
<ul class=""max-[768px]:text-[14px] list-with-dots flex flex-col gap-[15px] font-light text-[17px] leading-[150%] text-[#565656]"">
<li>Организация «от двери до двери» с отслеживанием на всем маршруте</li>
<li>Подготовка и проверка всех необходимых документов</li>
<li>Оптимизация расходов и таможенное оформление</li>
<li>Поддержка на всех этапах перевозки</li>
</ul>
<p>&nbsp;</p>
<p>Обращайтесь в MYLOGISTIKA — мы поможем выгодно и безопасно доставить груз из любой точки Европы.</p>
",4,2,,,,2,"Выбираем между автомобильной, авиа- и мультимодальной доставкой в зависимости от ваших приоритетов и сроков.",Какие маршруты доступны для доставки из Европы?,"Авто — от 7 дней, авиа — от 5 дней, мультимодальная — по согласованию.",Сколько времени занимает перевозка?,2,"Любые: оборудование, мебель, запчасти, одежда, продукты и промышленные партии.",Какие товары можно доставить из Европы?,2,"Да, принимаем к отправке сборные, малогабаритные, стандартные и коммерческие партии от 5 кг.",Возможна ли доставка малых партий и сборных грузов?,2,"Европейское направление — наша специализация, гарантируем качество и безопасность.",Как оформить доставку из Европы?,3,Как заказать услугу,Как заказать доставку грузов из Европы,"<p>Чтобы заказать <strong>доставку грузов из Европы</strong>, отправьте нам заявку с информацией о типе, объёме и маршруте груза. Мы подберём наиболее эффективное решение: автоперевозку, авиа или комбинированную логистику, с учётом сроков и стоимости.</p>
<p>&nbsp;</p>
<h3>Сложные моменты и наша помощь:</h3>
<p>&nbsp;</p>
<ul class=""max-[768px]:text-[14px] list-with-dots flex flex-col gap-[15px] font-light text-[17px] leading-[150%] text-[#565656]"">
<li>Организация автоперевозки, авиа и мультимодальных маршрутов</li>
<li>Согласование европейских и российских стандартов перевозки</li>
<li>Оформление транзитных и таможенных документов</li>
<li>Контроль сроков и информирование на всех этапах перевозки</li>
</ul>
<p>&nbsp;</p>
<p>С MYLOGISTIKA доставка из Европы — это оперативно, выгодно и с минимальными рисками для бизнеса!</p>
",,800,3,,,
876,Доставка грузов из США,dostavka-gruzov-iz-ssha,Доставка грузов из США в Россию — надёжно и оперативно,"Все виды перевозки из США: морские, авиа, авто, мультимодальные. Сопровождение на всех этапах и индивидуальный расчёт стоимости.",service-category,873,dostavka-gruzov,,3,,Доставка грузов из США с Mylogistika,"<p>MYLOGISTIKA организует <strong>доставку грузов из США</strong> в Россию по ключу «под ключ». Мы предлагаем авиа, морские, мультимодальные и комбинированные перевозки с учётом особенностей груза и сроков поставки.</p>
<p>&nbsp;</p>
<p>Компания обеспечивает консолидацию на американских складах, оформление экспортных и импортных документов, страхование, таможенное сопровождение и полную прозрачность логистики.</p>
<p>&nbsp;</p>
<h3>Преимущества доставки из США через MYLOGISTIKA:</h3>
<p>&nbsp;</p>
<ul class=""max-[768px]:text-[14px] list-with-dots flex flex-col gap-[15px] font-light text-[17px] leading-[150%] text-[#565656]"">
<li>Индивидуальный расчёт маршрута для каждого клиента</li>
<li>Оперативное оформление и контроль всех документов</li>
<li>Безопасность и страхование на каждом этапе перевозки</li>
<li>Поддержка и отслеживание груза до момента получения</li>
</ul>
<p>&nbsp;</p>
<p>Свяжитесь с нами, чтобы рассчитать стоимость и сроки доставки из США, а также получить консультацию по оптимальному виду перевозки.</p>
",4,2,,,,2,"Осуществляем морские контейнерные перевозки, авиа- и автомобильные маршруты, комбинированные варианты.",Какие типы доставки из США доступны?,"Тарифы зависят от веса, объёма, срочности, типа груза и выбранного маршрута.",Что влияет на стоимость доставки?,2,"У каждого клиента персональный менеджер, доступ к онлайн-отслеживанию и отчётность по всем этапам.",Как контролируется перевозка?,2,"Да, предлагаем ускоренные решения по вашему запросу для срочных партий и коммерческих грузов.",Возможна ли экспресс-доставка?,2,Работаем с любыми категориями товаров — от коммерческих партий до личных отправлений.,Оформить доставку из США?,3,Как заказать услугу,Как заказать доставку грузов из США,"<p>Для оформления <strong>доставки грузов из США</strong> достаточно обратиться к нашим специалистам и предоставить данные по отправлению. Мы рассчитаем оптимальный маршрут (авиа, море, мультимодально), оформим необходимые документы и обеспечим полный контроль перевозки.</p>
<p>&nbsp;</p>
<h3>Сложные моменты и наша помощь:</h3>
<p>&nbsp;</p>
<ul class=""max-[768px]:text-[14px] list-with-dots flex flex-col gap-[15px] font-light text-[17px] leading-[150%] text-[#565656]"">
<li>Консолидация грузов на американских складах</li>
<li>Оформление экспортных и импортных документов</li>
<li>Таможенное сопровождение и страхование</li>
<li>Организация от двери до двери"" с прозрачным отслеживанием</li>
</ul>
<p>&nbsp;</p>
<p>MYLOGISTIKA — это доставка грузов из США с гарантией безопасности, прозрачности и соблюдения всех сроков!</p>",,800,3,,,